{
    "model_version": "1.0-phase1-final",
    "dataset_version": "1.0",
    "reactive_model": "DecisionTreeClassifier",
    "predictive_model": "RF",
    "reactive_features": [
        "upload_mbps",
        "download_mbps",
        "latency_ms"
    ],
    "predictive_features": [
        "throughput_mean",
        "throughput_median",
        "throughput_min",
        "throughput_max",
        "throughput_std",
        "throughput_p10",
        "throughput_p25",
        "throughput_first",
        "throughput_last",
        "throughput_change",
        "throughput_slope",
        "throughput_coefficient_variation",
        "measurements_count",
        "lookback_duration_seconds",
        "proportion_below_low",
        "proportion_below_medium",
        "proportion_below_high",
        "current_profile",
        "required_capacity_mbps"
    ],
    "excluded_features": [
        "network_type",
        "cat_technology",
        "signal_strength",
        "transport_type"
    ],
    "grouped_validation_method": "GroupKFold (5 splits)",
    "folds": 5,
    "session_distribution": "Mantenida separada",
    "baseline_results": {
        "Dummy_MostFreq": 0.4539516225799344,
        "Dummy_Stratified": 0.47990946820299263,
        "Rule_Slope": 0.474761277373222
    },
    "cross_validation_results": {
        "LR": {
            "mean_f1": 0.5120544299620675,
            "std_f1": 0.06065099372848797,
            "mean_rec": 0.5861550427793623,
            "min_rec": 0.10526315789473684
        },
        "DT": {
            "mean_f1": 0.5713449479232603,
            "std_f1": 0.16329977267237852,
            "mean_rec": 0.41341716359865177,
            "min_rec": 0.06896551724137931
        },
        "RF": {
            "mean_f1": 0.586675150700288,
            "std_f1": 0.0933296492496013,
            "mean_rec": 0.5310992999740731,
            "min_rec": 0.1724137931034483
        },
        "GB": {
            "mean_f1": 0.5581385825796291,
            "std_f1": 0.06025383985822306,
            "mean_rec": 0.3121726730619653,
            "min_rec": 0.05263157894736842
        },
        "HistGB": {
            "mean_f1": 0.5575909892837138,
            "std_f1": 0.0805042591734343,
            "mean_rec": 0.2475110189266269,
            "min_rec": 0.05263157894736842
        }
    },
    "selected_threshold": 0.5499999999999999,
    "calibration_method": "none",
    "validation_cv_macro_f1_mean": 0.5951622240680611,
    "validation_cv_macro_f1_std": 0.0933296492496013,
    "test_macro_f1": 0.4950010201999592,
    "generalization_gap": 0.1001612038681019,
    "class_metrics": {
        "recall_downgrade": 0.3333333333333333,
        "fp_downgrade": 21,
        "fn_downgrade": 4
    },
    "confusion_matrices": {},
    "inference_times": {},
    "input_contract": "config/model_input_contract_v2.json",
    "models_reload_verified": true,
    "inference_reproducible": true,
    "data_leakage_check": "Passed",
    "phase1_models_ready": true,
    "production_ready": false,
    "limitations": [
        "Gap de generalizacion documentado.",
        "Depende del recolector local 100%"
    ]
}